actor_name,image_path
50 Cent,
Aaron Stanford,
Aaron Staton,
Aaron Yoo,
Aasheekaa Bathija,
Abbie Cornish,
Abby Mukiibi Nkaaga,
Abigail Spencer,
Abraham Benrubi,
Adam Arkin,
Adam Baldwin,
Adam Brown,
Adam Carolla,
Adam Goldberg,
Adam LeFevre,
Finn Wittrock,
Adam Ratcliffe,
Adam Sandler,
Adam Scott,
Adrian Martinez,
Ahna O'Reilly,
Ahney Her,
Aidan Quinn,
Aidan Turner,
Aisha Hinds,
AJ Michalka,
Ajay Naidu,
Al Gore,
Al Pacino,
Al Roker,
Alan Rickman,
Hayley Atwell,
Alan Van Sprang,
Albert Brooks,
Albert Delpy,
Scarlett Johansson,
Albert Finney,
Robert Downey Jr.,
Albert Maysles,
Aldis Hodge,
Alex Borstein,
Alex Gibney,
Alex Jennings,
Alex Karpovsky,
Alex Kendrick,
Alex Lawther,
Alex Macqueen,
Alex Russell,
Alexa Davalos,
Alexander Gould,
Alexandra Callas,
Alexandra Maria Lara,
Alfie Allen,
Alfre Woodard,
Alia Shawkat,
Alice Braga,
Alicia Keys,
Alicia Sixtos,
Jim Sturgess,
Alison Lohman,
Allen Leech,
Philip Seymour Hoffman,
Allison Tolman,
Ally Sheedy,
Kate Winslet,
Amanda Kearsan,
Denzel Washington,
Amanda Redman,
Amanda Tilson,
Amber Stevens West,
Amelia Giancarlo,
Amelia Warner,
America Ferrera,
Amr Waked,
Amy Hargreaves,
Amy Irving,
Amy Madigan,
Amy Poehler,
Amy Ryan,
Amy Warren,
Ana de la Reguera,
Ana Gasteyer,
Anders Holm,
Andre Braugher,
Jeremy Renner,
Andrea Martin,
Andrew Dice Clay,
Andrew Garfield,
Robert Downey Jr.,
Andrew Simpson,
Andy Cohn,
Angel Coulby,
Angela Sarafyan,
Angelina Jolie Pitt,
Angelo Anthony Pizza,
Scarlett Johansson,
Angie Dickinson,
Angus T. Jones,
Anika Noni Rose,
Steve Carell,
Anil Kapoor,
Anjelica Huston,
Anna Kendrick,
Anna Madeley,
Anne Hathaway,
Anne Heche,
Anne-Marie Duff,
Anthony Edwards,
Ezra Miller,
Anthony Hopkins,
Anthony LaPaglia,
Anwar Congo,
Archie Panjabi,
Ariana Neal,
Ariane Labed,
Emma Stone,
Ariel Hsing,
Robert Downey Jr.,
Arliss Howard,
Armando Riesco,
Terry Pheto,
Kieran Culkin,
Aryana Engineer,
Wood Harris,
Ashley Gerasimovich,
Ashley Hinshaw,
Gerard Butler,
Ashley Williams,
Athina Rachel Tsangari,
Ato Essandoh,
Robert Downey Jr.,
Emma Stone,
Atticus Shaffer,
Austin Nichols,
Austin Pendleton,
Ayush Mahesh Khedekar,
B.J. Novak,
Bailee Madison,
Kate Winslet,
Balinese Tari Legong Dancers,
Bam Margera,
Barney Frank,
Robert Downey Jr.,
Barry Corbin,
Barry Lynch,
Barry Shabaka Henley,
Basher Savage,
Beau Bridges,
Jeremy Renner,
Ben Browder,
Ben Davies,
Jake Gyllenhaal,
Jake Gyllenhaal,
Ben Falcone,
Denzel Washington,
Ben Feldman,
Ben Mendelsohn,
Ben Youcef,
Benedict Cumberbatch,
Benedict Wong,
Benjamin Walker,
Bernard Hill,
Bernardo Saracino,
Bernie Mac,
Bernie Mac,
Bernie Sanders,
Bob Hoskins,
Beth Grant,
Scarlett Johansson,
Christian Bale,
Bill Bailey,
Philip Seymour Hoffman,
Bill Clinton,
Steve Buscemi,
Will Smith,
Bill Cobbs,
Bill Fagerbakke,
Bill Irwin,
Steve Buscemi,
Morgan Freeman,
Bill Lake,
Bill Maher,
Bill Melendez,
Robert Downey Jr.,
Bill Murray,
Bill Paterson,
Meryl Streep,
Billie Whitelaw,
Billy Boyd,
Billy Crudup,
Billy West,
Blythe Danner,
Johnny Depp,
Bob Balaban,
Kate Winslet,
Bob Costas,
Bob Hoskins,
Bobb'e J. Thompson,
Bobby Block,
Bobby Lee,
Tom Hanks,
Bokeem Woodbine,
Brad Garrett,
Brad Pitt,
Liam Neeson,
Brad Renfro,
Matt Damon,
Matt Damon,
Brad William Henke,
Bradley Cooper,
Bradley Whitford,
Brandon T. Jackson,
Bree Williamson,
Brenda Blethyn,
Paul Walker,
Brendan Coyle,
Jeremy Renner,
Brendan Doogie Milewski,
Brendan Fraser,
Brendan Mackey,
Robert Downey Jr.,
Brendan Sexton III,
Brian d'Arcy James,
Leonardo DiCaprio,
Brian Dennehy,
Brian Geraghty,
J.K. Simmons,
Brian Howe,
Brian Johnson,
Brian O'Halloran,
Johnny Depp,
Matt Damon,
Brian Steele,
James Franco,
Brianna Brown,
Paul Walker,
J.K. Simmons,
Steve Carell,
Brighton Sharbino,
James Franco,
Brock Baker,
Chris Hemsworth,
Chris Hemsworth,
Brooke Smith,
Chris Hemsworth,
Brooklynn Proulx,
Rory Culkin,
Rosario Dawson,
Rosario Dawson,
Bruce Altman,
Bruce Dern,
Jim Broadbent,
Bruce Goodchild,
Logan Lerman,
Bruce Green,
Bruce Greenwood,
Jason Statham,
Bruce McGill,
Bruce Thomas,
Jake Gyllenhaal,
Bruce Willis,
Bryce Dallas Howard,
Abbie Cornish,
Tom Hardy,
Bud Cort,
Natalie Portman,
Christian Bale,
Burt Young,
Tom Cruise,
Busy Philipps,
Buzz Aldrin,
Callum Rennie,
Cameron Bright,
Campbell Scott,
Camryn Manheim,
Emma Stone,
Cara Seymour,
Leonardo DiCaprio,
Carla Gallo,
Carmen Ejogo,
J.K. Simmons,
J.K. Simmons,
Carrie Preston,
Cary-Hiroyuki Tagawa,
Cas Anvar,
Holly Hunter,
Casey Gooden,
Cat Ly,
Steve Buscemi,
Catherine Dyer,
Philip Seymour Hoffman,
Gerard Butler,
Matt Damon,
Catherine Lambert,
Bill Murray,
Ryan Gosling,
Denzel Washington,
Eddie Redmayne,
Catherine McCormack,
Catherine O'Hara,
CCH Pounder,
Tom Hanks,
Cedric the Entertainer,
Brad Pitt,
Robert Pattinson,
Celia Imrie,
Celia Weston,
Natalie Portman,
Matt Damon,
Chad Allen,
Michael Fassbender,
Chad Lindberg,
Tom Cruise,
Channing Tatum,
Charla Cochran,
Charles Napier,
Charles S. Dutton,
Scarlett Johansson,
Charlie Hunnam,
Angelina Jolie Pitt,
Charlie McDermott,
Matt Damon,
Charlie Rowe,
Charlie Tahan,
Patrick Fugit,
Charlie Talbert,
Joseph Gordon-Levitt,
J.K. Simmons,
Josh Hutcherson,
Brad Pitt,
Joseph Gordon-Levitt,
Ryan Gosling,
Channing Tatum,
Matthew McConaughey,
Charlize Theron,
Charlotte Le Bon,
Denzel Washington,
Adam Goldberg,
Charlotte Rampling,
Charlyne Yi,
Matt Damon,
Chase Ellison,
Chazz Palminteri,
Aidan Turner,
Kevin Spacey,
Clint Eastwood,
Cheech Marin,
Chemeeka Walker,
Cheryl Hines,
Jessica Paré,
Morgan Freeman,
Chester,
Philip Seymour Hoffman,
Chi McBride,
Gerard Butler,
Benedict Cumberbatch,
Chiaki Kuriyama,
Morgan Freeman,
Jennifer Lawrence,
Chita Rivera,
Chloë Grace Moretz,
Liam Neeson,
Chris Bauer,
Ryan Gosling,
Chris Brochu,
Peter Dinklage,
Chris Evans,
Chris Hemsworth,
Shailene Woodley,
Chris Klein,
Jennifer Lawrence,
Will Smith,
J.K. Simmons,
Ryan Reynolds,
Tom Wilkinson,
Anne Hathaway,
Chris Lowell,
Scarlett Johansson,
Johnny Depp,
Toby Jones,
Joseph Gordon-Levitt,
Vin Diesel,
James Franco,
Chris Miller,
Chris Mulkey,
Chris New,
Chris Pontius,
Chris Zylka,
Christian Bale,
Jason Statham,
John Ratzenberger,
Christian Camargo,
Christian Clemenson,
Matt Damon,
Christian Stolte,
Adam Sandler,
Christo Jivkov,
Christoph Waltz,
Christopher Cousins,
Christopher Guest,
Christopher Judge,
Christopher Lambert,
Colin Firth,
Christopher Lee,
Peter Dinklage,
Bill Murray,
Christopher Meloni,
Christopher Nicholas Smith,
Dennis Quaid,
Steve Carell,
Robert Downey Jr.,
Christopher Toler,
Christopher Webster,
Dennis Quaid,
Kevin Spacey,
Hugh Jackman,
Hugh Jackman,
Clea DuVall,
Clemens Schick,
Clifton Collins Jr.,
Leonardo DiCaprio,
Matt Damon,
Hugh Jackman,
Clint Eastwood,
Kristen Stewart,
Clint Howard,
J.K. Simmons,
Joseph Gilgun,
Charlie Hunnam,
Cody Howard,
Albert Finney,
Gerard Butler,
Brad Pitt,
Jennifer Lawrence,
Cody Linley,
Cole Hauser,
Will Ferrell,
Logan Lerman,
Colette Divine,
Mo'Nique,
Colin Firth,
Gerard Butler,
John Heard,
Colin Stinton,
Busy Philipps,
Kate Winslet,
Collin Alfredo St. Dic,
Abbie Cornish,
Larry David,
Channing Tatum,
Jennifer Lawrence,
Angelina Jolie Pitt,
Collin Kahey,
Tom Hanks,
Ryan Reynolds,
Justin Timberlake,
Tom Cruise,
Tom Cruise,
Tom Hanks,
J.K. Simmons,
Will Smith,
Leonardo DiCaprio,
Viggo Mortensen,
J.K. Simmons,
Dominic Cooper,
Dennis Quaid,
Sylvester Stallone,
Colm Feore,
Common,
Conchata Ferrell,
Matthew McConaughey,
Conleth Hill,
Connie Nielsen,
Michael Fassbender,
Billy Crudup,
Conrad Vernon,
Leonardo DiCaprio,
Matt Damon,
Corbin Bernsen,
Corey Johnson,
John Ratzenberger,
Colin Firth,
Craig Conway,
Craig Dougherty,
Christian Bale,
Benedict Cumberbatch,
Johnny Depp,
Ryan Gosling,
Craig Ferguson,
Craig Roberts,
Craig Stark,
Bill Murray,
Craig T. Nelson,
Matthew McConaughey,
Philip Seymour Hoffman,
Joseph Gordon-Levitt,
Brad Pitt,
Crystal Lowe,
Johnny Depp,
Curtis Armstrong,
Curtiss Cook,
Olivia Wilde,
Cyril Raffaelli,
Dalia Hernández,
Andrew Garfield,
J.K. Simmons,
Dallas Roberts,
Jason Statham,
Jason Statham,
Damian Jewan Lee,
Naomi Watts,
Leonardo DiCaprio,
Damon Wayans Jr.,
Ryan Gosling,
Dan Bilzerian,
Dan Byrd,
Gerard Butler,
Jennifer Lawrence,
Kevin Spacey,
Dan Fogler,
Dan Novy,
Daniel Bernhardt,
Matthew McConaughey,
Jeremy Irvine,
Robin Williams,
Tom Wilkinson,
Channing Tatum,
Robin Wright,
Robin Wright,
Kevin Spacey,
Daniel Henney,
Dianne Wiest,
Matt Damon,
Toby Jones,
Daniel Kaluuya,
Hugh Jackman,
Kelly Macdonald,
Daniel Mays,
Josh Hutcherson,
Johnny Depp,
Christian Bale,
Viggo Mortensen,
Leonardo DiCaprio,
Daniel Radcliffe,
Daniel Stern,
Angelina Jolie Pitt,
Benedict Cumberbatch,
Daniel Tay,
Daniel von Bargen,
Daniel Zettel,
Christian Bale,
Danny Aiello,
Danny Huston,
Ryan Gosling,
Danny Rhodes,
Darcy Donavan,
David Adam Flannery,
David Alan Basche,
David Carradine,
David Costabile,
Natalie Portman,
Natalie Portman,
David Oyelowo,
David Fine,
David Julian Hirsh,
Robert Pattinson,
David Kelly,
Chloë Grace Moretz,
Emma Stone,
Emily Watson,
David Kross,
Jon Hamm,
J.K. Simmons,
David Lee Smith,
Tom Cruise,
Heath Ledger,
Shailene Woodley,
James Franco,
David Mamet,
Charlie Hunnam,
Daniel Radcliffe,
Denzel Washington,
Bill Cobbs,
David Mersault,
Hugh Jackman,
Tom Cruise,
David Ogden Stiers,
Joseph Gordon-Levitt,
Christian Bale,
David Oyelowo,
Rufus Sewell,
Rufus Sewell,
Martin Landau,
David Patrick Kelly,
David Raizor,
Jake Gyllenhaal,
Bradley Cooper,
David Sullivan,
David Thewlis,
Michael Kelly,
Ryan Gosling,
Chris Hemsworth,
David Threlfall,
David Zayas,
Leonardo DiCaprio,
Natalie Portman,
Heath Ledger,
Dawn French,
Johnny Depp,
Dax Flame,
Tom Cruise,
Jennifer Jason Leigh,
Channing Tatum,
Channing Tatum,
Bam Margera,
Dayo Okeniyi,
Debi Mazar,
Deborah Twiss,
Matthew McConaughey,
Henry Cavill,
Debrianna Mansini,
Delroy Lindo,
Demi Moore,
Demián Bichir,
Denzel Washington,
Robert Downey Jr.,
Kristin Scott Thomas,
Denis Leary,
Bradley Cooper,
Denis O'Hare,
Philip Seymour Hoffman,
Dennis Quaid,
Denzel Washington,
Derek Graf,
Quvenzhané Wallis,
Chris Hemsworth,
Derek Jacobi,
Toby Jones,
Derek Luke,
Devin Ratray,
Robert Downey Jr.,
Diane Baker,
J.K. Simmons,
Dennis Quaid,
Will Smith,
Leonardo DiCaprio,
Rosario Dawson,
Scarlett Johansson,
Scarlett Johansson,
Robin Wright,
Robert De Niro,
Kate Winslet,
Meryl Streep,
Emma Stone,
Bryce Dallas Howard,
Bob Hoskins,
Dianne Wiest,
Bill Murray,
Tom Hanks,
Dick Cavett,
James Franco,
Dick Cheney,
Dick Clark,
Djimon Hounsou,
Dominic Cooper,
Scarlett Johansson,
Haley Joel Osment,
Robert De Niro,
Michael Fassbender,
Robert Downey Jr.,
Stephen Graham,
Robert De Niro,
Dominik García-Lorido,
Don Cheadle,
Kristen Stewart,
Joseph Gordon-Levitt,
Robert Downey Jr.,
Don McManus,
Robert Downey Jr.,
Don Rickles,
Jim Broadbent,
Donald Austin,
David Oyelowo,
Ryan Gosling,
Donald Glover,
Tom Hanks,
Chris Hemsworth,
Donald Rumsfeld,
Donald Sumpter,
Clea DuVall,
Donna Murphy,
Donna Zovko,
Henry Cavill,
Paddy Considine,
Anne Hathaway,
Jeff Bridges,
Bradley Cooper,
Tom Hardy,
Hugh Jackman,
Drake Bell,
Johnny Depp,
Dreama Walker,
Al Pacino,
Drew Fuller,
Dustin Fitzsimons,
Dwayne Johnson,
Dwight Henry,
Ty Burrell,
Dylan Authors,
Dylan Baker,
Dylan Minnette,
Denzel Washington,
Dylan Moran,
Bruce Willis,
Christian Bale,
Jason Patric,
Dylan Walsh,
Eamonn Walker,
Bill Murray,
Jake Gyllenhaal,
Eartha Kitt,
Matthew McConaughey,
Denzel Washington,
Ed Begley Jr.,
Al Pacino,
Ed Skrein,
Eddie Cahill,
Ryan Gosling,
Eddie Jemison,
Eva Green,
Eddie Marsan,
Goran Visnjic,
Eddie 'Piolin' Sotelo,
Jason Statham,
Jennifer Lawrence,
Eddie Redmayne,
Leonardo DiCaprio,
Scarlett Johansson,
Chris Hemsworth,
Jeff Bridges,
Eddie Rouse,
Edgar Arreola,
Jeremy Renner,
Devin Ratray,
Edgar Ramírez,
Edi Gathegi,
Elaine Cassidy,
Elaine Stritch,
Elina Alminas,
Elise Neal,
Hayley Atwell,
Elizabeth Berrington,
Elizabeth McGovern,
Elizabeth Meriwether,
Ellar Coltrane,
Anna Kendrick,
Ellen Burstyn,
Ellie Kendrick,
Billy Crudup,
Elliott Gould,
Jack O'Connell,
Eme Ikwuakor,
Emilia Clarke,
Emily Meade,
Emily Ratajkowski,
Eddie Marsan,
Emily Rios,
Emily Watson,
Chloë Grace Moretz,
Judy Greer,
Emma Stone,
Emma Watson,
Emmanuelle Vaugier,
Matt Damon,
Eric Dane,
Eric Godon,
Derek Jacobi,
Eric Jacobson,
Eric Stoltz,
Bruce Greenwood,
Steve Buscemi,
Eric Sykes,
Tate Donovan,
Ernie Reyes Jr.,
Estella Warren,
Ethan Embry,
Jennifer Saunders,
John Heard,
Ethan Suplee,
Eva Carrozza,
Eva Green,
Adam Scott,
Evan Jones,
Robin Wright,
Eric Stoltz,
Eve Plumb,
Ewen Bremner,
Mackenzie Crook,
Ezra Miller,
F. Murray Abraham,
Bruce Greenwood,
Faizon Love,
Fana Mokoena,
T.V. Carpio,
Fay Masterson,
Mary Lynn Rajskub,
Natalie Portman,
Michael Moore,
Felicity Huffman,
Felix Avitia,
Emily Watson,
Finn Wittrock,
Fiona Shaw,
Fionnula Flanagan,
Flint Beverage,
Frances Conroy,
Frances Fisher,
Frances O'Connor,
Francesca Capaldi,
Daniel Radcliffe,
Frank Dillane,
Miranda Cosgrove,
Frank Gerrish,
Hope Davis,
Tom Wilkinson,
Frank Grillo,
Frank Langella,
Frankie Muniz,
François Chau,
Charlize Theron,
Fred Armisen,
Fred Melamed,
Hayden Christensen,
Fred Tatasciore,
Fred Willard,
Hugh Jackman,
G.J. Echternkamp,
Gabourey Sidibe,
Gabriel Thomson,
Gaby Hoffmann,
Chris Evans,
Garry Shandling,
Orlando Bloom,
Gary Cole,
Gary Coleman,
Gary Lewis,
Jack O'Connell,
Gary McDonald,
Gary Oldman,
Gary Stretch,
Alison Lohman,
Gbenga Akinnagbe,
Gena Rowlands,
Geoffrey Arend,
George Carlin,
George Lopez,
George Newton,
George W. Bush,
Georgia Groome,
Gerard Butler,
Bryce Dallas Howard,
Giancarlo Giannini,
Scarlett Johansson,
Gina Montana,
Benedict Cumberbatch,
Goran Visnjic,
Rory Culkin,
Grace Gummer,
Jason Cope,
Imelda Staunton,
Sally Hawkins,
Sharon Small,
Graham McTavish,
Greg Ayres,
Rory Culkin,
Eddie Marsan,
Greg D'Agostino,
Michael Fassbender,
Greg Speirs,
Gregory Alan Williams,
Kate Winslet,
Greta Gerwig,
Gretchen Mol,
Hakeem Kae-Kazim,
Hal Holbrook,
Noah Emmerich,
Frances Fisher,
Jeff Bridges,
Haley Bennett,
Haley Joel Osment,
Harold Perrineau,
Harold Ramis,
Harrison Ford,
Harry Connick Jr.,
Harry Lennix,
Harry Treadaway,
Hayden Christensen,
Hayley Atwell,
Hayley Lovitt,
Bruce Greenwood,
Hayley McFarland,
Heath Ledger,
Jennifer Jason Leigh,
Fred Willard,
Heather Berman,
Hector Elizondo,
Helen McCrory,
Helmut Bakaitis,
Henry Cavill,
Herbert Russell,
Herman Koto,
Holly Hunter,
Holmes Osborne,
Hope Davis,
Logan Lerman,
Howard Hesseman,
Hristo Shopov,
Huell Howser,
Adam Sandler,
Hugh Jackman,
Hugh O'Conor,
Hunter Parrish,
Ian Somerhalder,
Imelda Staunton,
Ioan Gruffudd,
Isaac C. Singleton Jr.,
Isaac Hayes,
Isabella Rossellini,
Isiah Whitlock Jr.,
Ivana Milicevic,
Orlando Bloom,
Iván Kamarás,
J.K. Simmons,
Jacinda Barrett,
Jack Davenport,
Jack Guzman,
Jack McBrayer,
Ray Winstone,
Patrick Fugit,
Michael Fassbender,
Brad Pitt,
Jack McElhone,
Jack McGee,
Jack O'Connell,
Jacob Vargas,
Jacqueline Bisset,
Naomi Watts,
Jada Pinkett Smith,
Eddie Marsan,
Oliver Platt,
Eddie Marsan,
Jade Kindar-Martin,
Amr Waked,
Jaime Zevallos,
Jake Busey,
Jake Gyllenhaal,
Jake Richardson,
Jake Wood,
James Badge Dale,
Bruce Greenwood,
James Cagney,
James Corden,
James D'Arcy,
James Duval,
Daniel Radcliffe,
Jake Gyllenhaal,
James Fox,
James Frain,
Kate Winslet,
Natalie Portman,
James Franco,
Christian Bale,
James Huang,
James Karen,
James Lance,
Orlando Bloom,
James Lew,
James Nesbitt,
James Ransone,
James Shigeta,
Vin Diesel,
Brad Pitt,
James Urbaniak,
Adrian Martinez,
Charlize Theron,
James Wilcox,
Robert Downey Jr.,
Robert Downey Jr.,
Jamey Sheridan,
Olivia Wilde,
Callum Rennie,
Jamie Draven,
Jamie Foreman,
Spencer Wilding,
Jane Adams,
Jane Curtin,
Imelda Staunton,
Jane Goodall,
Ezra Miller,
Hayley Atwell,
Janeane Garofalo,
Paul Walker,
Natalie Portman,
Christian Bale,
Jared Burke,
Jason Cope,
Jason Douglas,
Paul Schneider,
Jason Flemyng,
Jason Lewis,
Mila Kunis,
Liam Neeson,
Jason Maza,
Jason Mewes,
Jason Patric,
Jason Scott Lee,
Jason Statham,
Jason Tobin,
Jasper Levine,
Javier Botet,
Andrew Garfield,
Jay Adams,
Christoph Waltz,
Jay Chandrasekhar,
Orlando Bloom,
Jennifer Garner,
Jennifer Garner,
Don Cheadle,
Emma Stone,
Jay Hernandez,
Tim Blake Nelson,
Jayne Eastwood,
Jeanette Branch,
Jean-Louis Blondeau,
Jeff Ament,
Meryl Streep,
Jeff Bennett,
Morgan Freeman,
Jeff Bridges,
Robert Duvall,
Jeff Garlin,
Jeff Lima,
Toby Jones,
Jeffrey DeMunn,
Jeffrey Frost,
Jeffrey Markle,
Chi McBride,
Jeffrey W. Jenkins,
Logan Lerman,
Daniel Radcliffe,
Jenifer Lewis,
Sheryl Crow,
Julia Roberts,
Jennifer Ehle,
Jennifer Garner,
Jennifer Hall,
Rosario Dawson,
Jennifer Hudson,
Jennifer Jason Leigh,
Jennifer Landa,
Curtis Armstrong,
Thomas Lennon,
Jennifer Lawrence,
Jennifer Saunders,
Gary Oldman,
Jeremy Crutchley,
Michael Kelly,
Nia Long,
Jeremy Davies,
Jeremy Irvine,
Michiel Huisman,
Jeremy Owen,
Jeremy Renner,
Zooey Deschanel,
Jeremy Shada,
Jerry Brown,
Kevin Connolly,
Jerry Ferrara,
Jess Harnell,
Jesse Garcia,
Jesse L. Martin,
Radha Mitchell,
Jessica Capshaw,
Jessica Duffy,
Jessica Hecht,
George W. Bush,
Jessica Paré,
Jill Flint,
Adam Brown,
Jill Talley,
Morgan Freeman,
Brad Pitt,
Will Ferrell,
Jim Broadbent,
Christopher Cousins,
Jim Gaffigan,
Jim Meskimen,
Rosario Dawson,
Jim Parrack,
America Ferrera,
Meryl Streep,
Jim Rash,
Tom Cruise,
Josh Hutcherson,
Jim Sturgess,
Albert Finney,
Nate Parker,
Jimmy Bennett,
Denzel Washington,
Jimmy Shubert,
Ewen Bremner,
Kevin Connolly,
Jimmy Smits,
Jennifer Jason Leigh,
Julie Walters,
Robert De Niro,
Joan Allen,
Bradley Cooper,
Joan Chen,
Joanna Lumley,
Joe Bishop,
Joe Cole,
Colin Firth,
Orlando Bloom,
Isabella Rossellini,
Joe Cornish,
Radha Mitchell,
David Oyelowo,
Joe Komara,
Sarah Silverman,
Joe Lev,
Joe Lo Truglio,
Judy Greer,
Rosario Dawson,
Charlize Theron,
Joe Simpson,
Joel Courtney,
Gary Oldman,
Joel David Moore,
Joely Richardson,
Emily Watson,
Joey Slotnick,
John Billingsley,
John Cameron Mitchell,
John de Lancie,
John D'Leo,
John Doman,
Liam Neeson,
John Enos III,
Joe Lo Truglio,
Anjelica Huston,
Joel David Moore,
Jim Broadbent,
John F. Kennedy,
Miranda Cosgrove,
Scarlett Johansson,
John Fiedler,
John Gallagher Jr.,
John Heard,
Haley Joel Osment,
John Hodgman,
Taron Egerton,
CCH Pounder,
Amy Poehler,
John Michael Higgins,
Liam Neeson,
John Ratzenberger,
Ellen Burstyn,
Harry Lennix,
John Robinson,
John Sessions,
Melissa Benoist,
Johnny Depp,
Anne Hathaway,
Johnny Harris,
Helen McCrory,
Djimon Hounsou,
Jeremy Renner,
Jon Favreau,
Felicity Huffman,
Jon Foster,
Jon Hamm,
Jon Lovitz,
Gabourey Sidibe,
Gabourey Sidibe,
Jon Polito,
Jon Stewart,
Jon Tenney,
Jonathan Brewer,
Allison Tolman,
Jonathan Caouette,
Jonathan Sadowski,
Jordi Mollà,
Michael McKean,
Jorja Fox,
Christian Bale,
Jose Pablo Cantillo,
Joseph Gilgun,
John Ratzenberger,
Frances Fisher,
Joseph Gordon-Levitt,
Robert Duvall,
Robert Duvall,
Joseph Sikora,
Brad Pitt,
Rosario Dawson,
Tom Hanks,
Josh Hamilton,
Angelina Jolie Pitt,
Josh Hutcherson,
Joshua Ormond,
Jud Tylor,
Judd Hirsch,
Judith Hill,
Judy Greer,
Anne Hathaway,
Juhi Chawla,
Julia Ormond,
Charlize Theron,
Julia Roberts,
Julia Sawalha,
Julian Glover,
Julian Richings,
Julian Sands,
Julie Walters,
Juliet Stevenson,
Jennifer Ehle,
Mark Margolis,
June Squibb,
Emily Watson,
Jurnee Smollett-Bell,
Benedict Cumberbatch,
Albert Brooks,
Justin Hall,
Justin Theroux,
Justin Timberlake,
Tom Wilkinson,
Kamil McFadden,
Jennifer Garner,
Karen Allen,
Anna Kendrick,
Karen Pittman,
Karl Yune,
Christopher Lee,
Scoot McNairy,
Kate Burton,
Kate Magowan,
Kate Walsh,
Kate Winslet,
Katherine LaNasa,
James Franco,
Kathleen Freeman,
Brad Pitt,
Brad Pitt,
Kathleen Turner,
Katie Lowes,
Tom Hardy,
Katy Helvenston-Wettengal,
Christian Bale,
Katy Mixon,
Sophie Okonedo,
Leslie Bibb,
Peter Dinklage,
Jeff Bridges,
Kayvan Novak,
Kazunari Ninomiya,
Keanu Reeves,
Keir O'Donnell,
Olivia Williams,
Mark Margolis,
Denis O'Hare,
Keith Richards,
Bruce Willis,
Tom Wilkinson,
Kate Winslet,
Kelli Garner,
Kelly Keaton,
Jeff Bridges,
Clint Howard,
Kelly LeBrock,
Eddie Redmayne,
John Ratzenberger,
Kelly Macdonald,
Ken Davis,
Christian Bale,
Heath Ledger,
Charlize Theron,
Tom Hardy,
Ken Davitian,
Kenneth Mitchell,
Michael Kelly,
Keri Lynn Pratt,
Kerry Cahill,
Kevin Breznahan,
Kevin Connolly,
Justin Theroux,
Kevin Corrigan,
Danny Huston,
Mike Vogel,
Jack McBrayer,
Kevin Gage,
Kevin Grevioux,
Kevin Scott Richardson,
Catherine O'Hara,
Kevin Spacey,
Jake Gyllenhaal,
Jake Gyllenhaal,
Simon McBurney,
Gary Oldman,
Kevin Sussman,
Lena Olin,
Kevin Zegers,
Christopher Lee,
Naomi Watts,
Khalid Abdalla,
Khamani Griffin,
Suraj Sharma,
James Franco,
Kieran Culkin,
Jeremy Renner,
Kiersey Clemons,
Kieu Chinh,
Kim Dickens,
Kimberley Crossman,
Kimberly Elise,
Kimberly Williams-Paisley,
Kip Pardue,
Kirsten Dunst,
Lili Taylor,
Kodi Smit-McPhee,
Kris Marshall,
Kristen Connolly,
Bruce Willis,
Kristen Stewart,
Kristin Scott Thomas,
Eddie Marsan,
Eddie Marsan,
Catherine O'Hara,
Kumar Gaurav,
Kurt Fuller,
Anna Kendrick,
Kyle Schmid,
Stephen Root,
Kylie Minogue,
Lara Pulver,
Kelli Garner,
Robert Downey Jr.,
Larry Blamire,
Larry David,
Matt Damon,
Christopher Lee,
Adam Baldwin,
Larry Fessenden,
Orlando Bloom,
Robert Duvall,
Larry Joe Campbell,
Larry King,
Larry Miller,
David Costabile,
Steve-O,
Laura Harring,
Laura Harris,
Laura-Leigh,
Lauren German,
James Frain,
Lauren Sweetser,
Laurence Fox,
Leah Remini,
Lee Ingleby,
Leighton Meester,
Steve Coogan,
Leleti Khumalo,
Lena Olin,
Leonard Nimoy,
Leonard Roberts,
Tom Hanks,
Benedict Wong,
Leonardo DiCaprio,
Lesley Ann Warren,
Lesley Manville,
Leslie Bibb,
Leslie Caron,
Leven Rambin,
Lew Temple,
Li Gong,
Robert Duvall,
Vivica A. Fox,
Liam Aiken,
Liam James,
Eddie Marsan,
Matthew McConaughey,
Liam Neeson,
Bill Murray,
Bill Murray,
Goran Visnjic,
Anne Hathaway,
Jim Broadbent,
Stephen Dillane,
Bill Murray,
Libby Villari,
Lili Taylor,
Lily James,
Naomi Watts,
Linda Cardellini,
Lindsay Duncan,
Salma Hayek,
Jeremy Davies,
Lisa Bonet,
Liza Lapira,
Logan Browning,
Bill Murray,
William Hurt,
Charlize Theron,
Nicole Beharie,
Logan Lerman,
Joseph Gilgun,
Long Nguyen,
Lorelei Linklater,
Loretta Devine,
Lorraine Stanley,
Rob McElhenney,
Jon Favreau,
Lou Adler,
Lou Romano,
Omar Benson Miller,
Lou Taylor Pucci,
John Enos III,
Tom Wilkinson,
Philip Seymour Hoffman,
Riz Ahmed,
Louis Ferreira,
Louise Lasser,
Lucas Grabeel,
Lucy,
Rebecca De Mornay,
John Ratzenberger,
Christopher Guest,
Lucy Boynton,
Lucy Fry,
Jim Sturgess,
Michael Angarano,
Vin Diesel,
Sally Hawkins,
Jake Gyllenhaal,
Luenell,
Ethan Suplee,
Jennifer Jason Leigh,
Jennifer Garner,
Harold Perrineau,
Lukas Haas,
Luke Edwards,
Kevin Zegers,
Kevin Zegers,
Lupe Ontiveros,
Lydia Wilson,
Lynda Boyd,
M.C. Gainey,
Mackenzie Crook,
Bill Murray,
Mackenzie Foy,
Madeline Carroll,
Madison Pettis,
Maia Morgenstern,
Maile Flanagan,
Heath Ledger,
Danny Huston,
Powers Boothe,
Mako,
Manish Dayal,
Manny Perez,
Marc Blucas,
Marc Donato,
Marc John Jefferies,
Marcella Lentz-Pope,
Tobias Menzies,
Marcia Wallace,
Stephen Root,
Marcus Lyle Brown,
Mare Winningham,
Michael Fassbender,
Margarita Levieva,
Maria Thayer,
Mariah Carey,
Marian Seldes,
Marie Pillet,
Mark Bazeley,
Mark Camacho,
Jon Hamm,
Bruce Dern,
Mark Duplass,
Mark Gatiss,
Mark L. Young,
Mark Margolis,
Mark Rylance,
Mark Webber,
Charlotte Rampling,
Sam Riley,
Mark Zupan,
Martin Henderson,
Martin Kove,
Martin Landau,
Martin Short,
Martin Starr,
Stephen McHattie,
Alex Russell,
Alex Russell,
Marty Lindsey,
Mary Catherine Garrison,
Mary Kate Wiles,
Mary Lynn Rajskub,
Mary McCormack,
Mary McDonnell,
Mary Page Keller,
Mary-Kate Olsen,
Kodi Smit-McPhee,
Rafe Spall,
Matt Berry,
Matt Craven,
Matt Damon,
Ryan Donowho,
Matt Frewer,
Lily James,
Matt King,
Matt Letscher,
Chi McBride,
Matt O'Leary,
Miranda Richardson,
Alex Borstein,
Matthew Broderick,
Benedict Wong,
Matthew Emerick,
Matthew Gray Gubler,
Matthew Knight,
Matthew McConaughey,
Matthew Ziff,
Maura Tierney,
Maurice LaMarche,
Joan Allen,
Brad Pitt,
Cameron Bright,
Maurice Roëves,
Max Casella,
Mckenna Grace,
Meat Loaf,
Michael Stuhlbarg,
Megan Ambuhl Graner,
Megan Park,
Mehcad Brooks,
Robert Clohessy,
Mekhi Phifer,
Mekia Cox,
Charlie Hunnam,
Melissa Benoist,
Elizabeth McGovern,
Melissa McMeekin,
Simon McBurney,
Melissa Roxburgh,
Melonie Diaz,
Melora Walters,
Merritt Wever,
Merry Clayton,
Meryl Streep,
Method Man,
Mia Wasikowska,
Michael Abbott Jr.,
Michael Angarano,
Jack McBrayer,
Oona Laurence,
Campbell Scott,
Michael Bowen,
Benedict Wong,
Michael Chernus,
Michael Elian,
Michael Emerson,
Sissy Spacek,
Michael Fassbender,
Michael Gaston,
Kristin Scott Thomas,
Michael Harding,
Michael Hitchcock,
Scarlett Johansson,
Michael Jeter,
Michael Jordan,
Brian Geraghty,
Michael Kelly,
Hayley Atwell,
Michael Landers,
Billy Boyd,
Michael McKean,
Michael Moore,
Michael Nouri,
Michael Nyqvist,
Michael O'Keefe,
Michael O'Neill,
Michael Palin,
Albert Finney,
Michael Papajohn,
Michael Parks,
Michael Rapaport,
Michael Raymond-James,
Michael Rispoli,
Michael Smiley,
Michael Stuhlbarg,
Michael Weston,
Michael Wincott,
Mike Vogel,
Michaela Watkins,
Jon Favreau,
Michelle Nolden,
Eddie Marsan,
Michiel Huisman,
Mick Jagger,
Mickey Hart,
Rakie Ayola,
Phil Davis,
Imelda Staunton,
Mike Bell,
Mike Colter,
Mike Epps,
Mike Howard,
Mike Tyson,
Mike Vogel,
Oliver Platt,
Mike White,
Mila Kunis,
Kelly Macdonald,
Tom Hollander,
Albert Brooks,
Tom Wilkinson,
Mindy Kaling,
Minnie Driver,
Miranda Cosgrove,
Jon Favreau,
Miranda July,
Miranda Richardson,
Mircea Monroe,
Mireille Enos,
Miriam Shor,
Misha Gabriel Hamilton,
Misty Upham,
Molly C. Quinn,
Monica Potter,
Mo'Nique,
Morgan Freeman,
Mustafa Haidari,
Kodi Smit-McPhee,
MyAnna Buring,
Nadine Velazquez,
Jeff Garlin,
Najarra Townsend,
Nambitha Mpumlwana,
Naomi Watts,
Nat Wolff,
Natalie Canerday,
Natalie Coughlin,
Natalie Portman,
Sally Hawkins,
Natalie Stephany Aguilar,
Nate Parker,
Nathaniel Parker,
Ned Beatty,
Michael Angarano,
Neil Armstrong,
Neil Brown Jr.,
Neil Flynn,
Neil Maskell,
Nellie McKay,
Nellie Sciutto,
Nelson Ascencio,
Michael Kelly,
Brian Geraghty,
Nia Long,
Niamh Cusack,
Nicholas Aaron,
Nicholas Farrell,
Nick Cannon,
Nick Krause,
Nick Searcy,
Nick Stahl,
Nicky Naudé,
Nicolas Cage,
Nicole Beharie,
Stephen Root,
Chase Ellison,
Michael Stuhlbarg,
Christoph Waltz,
Nina Arianda,
Noah Emmerich,
Noah Taylor,
Noel Clarke,
Noel Gugliemi,
Nora Zehetner,
Odessa Rae,
Oksana Akinshina,
Olga Fonda,
Danny Huston,
Kayvan Novak,
Kayvan Novak,
Oliver Platt,
Oliver Reed,
Olivia Wilde,
Olivia Williams,
Olympia Dukakis,
Omar Benson Miller,
Omar Epps,
Omar Sy,
Oona Laurence,
Ophelia Lovibond,
Oprah Winfrey,
Rupert Grint,
Orlando Bloom,
Osama bin Laden,
Owen Burke,
Owen Kline,
Anthony Hopkins,
Paddy Considine,
Noel Gugliemi,
Tzi Ma,
Parker Sawyers,
Parry Shen,
Patrick Fischler,
Patrick Fugit,
Patrick Gallagher,
Patrick Wilson,
Paul Anderson,
Paul Borghese,
Paul Daggett,
Paul F. Tompkins,
Derek Luke,
Paul Kaye,
Paul McGill,
Scarlett Johansson,
Scarlett Johansson,
Paul Sanchez,
Paul Schneider,
Paul Sorvino,
Paul Walker,
Paula Garcés,
Tuppence Middleton,
Paula Jai Parker,
Paz de la Huerta,
Paz Vega,
Penelope Wilton,
Peter Agnefjall,
Peter Boyle,
Peter Breitmayer,
Vin Diesel,
Peter Capaldi,
Joseph Gordon-Levitt,
Peter Coyote,
Peter Dinklage,
Thomas Lennon,
Peter Gerety,
Peter Hermann,
Peter McNicholl,
Mark Margolis,
Morgan Freeman,
Peter Serafinowicz,
Phaldut Sharma,
Phil Davis,
Philip Glenister,
Philip Seymour Hoffman,
Philippe Petit,
Phylicia Rashad,
Phyllis Diller,
Phyllis Smith,
Powers Boothe,
Ato Essandoh,
Pruitt Taylor Vince,
Puti Sri Candra Dewi,
Rainn Wilson,
Rainn Wilson,
Quentin Tarantino,
Nicolas Cage,
Quinton Aaron,
Daniel von Bargen,
Quvenzhané Wallis,
R. Marcos Taylor,
Eamonn Walker,
Radha Mitchell,
Rafe Spall,
Rainn Wilson,
Rakie Ayola,
Rapulana Seiphemo,
Bill Cobbs,
Ray Winstone,
Derek Luke,
Raza Jaffrey,
Rebecca De Mornay,
Reg E. Cathey,
Rene Russo,
Renee Leblanc,
Rhea Perlman,
Rian Bishop,
Rupert Grint,
Richard Roxburgh,
George W. Bush,
Richard Schiff,
Albert Finney,
Richard T. Jones,
Richard Thomas,
Cas Anvar,
Rick Fox,
Rick Gonzalez,
Yaya DaCosta,
Harry Lennix,
Rick Macy,
Ricky Jay,
Ricky Martin,
Ricky Schroder,
Rip Torn,
Rita Davies,
Riz Ahmed,
Rob Brown,
Rob McElhenney,
Ellen Burstyn,
Rob Riggle,
Robbie Kay,
Robert Clohessy,
Julia Ormond,
Bruce McGill,
Robert De Niro,
Robert Downey Jr.,
Frances Fisher,
Robert Duvall,
James Nesbitt,
Robert Longstreet,
Anthony LaPaglia,
Robert Lopez,
Robert Maillet,
Robert Pattinson,
Robert Peters,
Robert Pralgo,
James Nesbitt,
Ashley Williams,
Robert Ri'chard,
Robin Atkin Downes,
Steve Carell,
Robin Lord Taylor,
Mark Camacho,
Sean Hayes,
Robin Weigert,
Robin Williams,
Robin Wright,
Craig Ferguson,
Julia Roberts,
Rodger Bumpass,
Roger Allam,
Sandra Ellis Lafferty,
Charlotte Rampling,
Roger Rees,
Scoot McNairy,
Ron Eldard,
Ethan Suplee,
Kris Marshall,
Kris Marshall,
Ronald Reagan,
Rory Cochrane,
Rory Culkin,
Rory Kinnear,
Bradley Cooper,
Rosario Dawson,
Olivia Wilde,
Rosemarie DeWitt,
Rosie Perez,
Rowan Isaacson,
Ruby Dee,
Tom Wilkinson,
Jack Davenport,
Hope Davis,
Ruby Jerins,
Cole Hauser,
Tyler Labine,
Rudy Youngblood,
Joe Lo Truglio,
Rufus Graham,
Rufus Sewell,
Rupert Everett,
Zoë Bell,
Rupert Graves,
Rupert Grint,
Russ Tamblyn,
Rupert Grint,
Russell Peters,
Rebecca De Mornay,
Ruth Negga,
Ruth Sheen,
Ruth Wilson,
Ryan Donowho,
Ryan Gosling,
Ryan Reynolds,
RZA,
Kris Marshall,
S. Epatha Merkerson,
Paula Garcés,
Saffron Burrows,
Sally Hawkins,
Thomas Kretschmann,
Salma Hayek,
Steve Coogan,
Chris Evans,
Sam Claflin,
Sam Medina,
Sam Riley,
Sam Shepard,
Sam Trammell,
Tim McInnerny,
Samantha Ivers,
Samantha Mathis,
Samantha Morton,
Jim Broadbent,
Ato Essandoh,
Mark Margolis,
Michael Weston,
Hal Holbrook,
Samira Wiley,
Chris Mulkey,
Samuel Roukin,
Jim Broadbent,
Rory Kinnear,
Rory Kinnear,
America Ferrera,
Sam Shepard,
Sanaa Lathan,
Sandra Ellis Lafferty,
Sarah Gadon,
Sarah Roemer,
Sarah Silverman,
Sarah Solemani,
Mariah Carey,
Sara-Marie Maltha,
Saurabh Shukla,
Scarlett Johansson,
Scoot McNairy,
Wendell Pierce,
Scott Elrod,
Scott Glenn,
Anthony LaPaglia,
Scott Helvenston,
Rob Riggle,
Bradley Cooper,
Scott Mechlowicz,
Seamus Davey-Fitzpatrick,
Sean Harris,
Elizabeth McGovern,
Sean Hayes,
David Oyelowo,
David Oyelowo,
Sean Maher,
Will Ferrell,
Sean Michael Afable,
Jennifer Garner,
William Hurt,
Wayne Knight,
Sean Pertwee,
Noah Emmerich,
Sela Ward,
Selton Mello,
Barry Corbin,
Sergi López,
Mackenzie Foy,
Seth Gilliam,
Aidan Quinn,
Sean Harris,
Seth MacFarlane,
Seymour Cassel,
Michael Gaston,
Shailene Woodley,
Shane Brolly,
Shane Carruth,
Sharlto Copley,
Derek Jacobi,
Sharon Small,
Shaun Parkes,
Shaun Toub,
Shauna Macdonald,
Adam Scott,
Shawn Hatosy,
Shawnee Smith,
Shea Whigham,
Sheldon Bailey,
F. Murray Abraham,
Shelley Waggener,
Denis O'Hare,
Sheryl Crow,
Bryce Dallas Howard,
Shidô Nakamura,
Shirley Jones,
Sienna Beckman,
Tate Donovan,
Simon Baron-Cohen,
Simon McBurney,
Siobhan Fallon Hogan,
Sissy Spacek,
Ski Carr,
Kirsten Dunst,
Snoop Dogg,
Jason Flemyng,
Jason Flemyng,
Sofia Boutella,
Sofia Vassilieva,
Soleyman Pierini,
Sonoya Mizuno,
Sophia Myles,
Sophie Nélisse,
Sophie Okonedo,
Michael Kelly,
Hugh Jackman,
Alfre Woodard,
Spencer Treat Clark,
Spencer Wilding,
Stefan Kapicic,
Sam Shepard,
Paddy Considine,
Frank Langella,
Stellan Skarsgård,
Stephanie Szostak,
Michael Kelly,
Stephen Root,
Stephen Dillane,
Stephen Graham,
Tammy Blanchard,
Stephen Marcus,
Oliver Platt,
Tom Guiry,
Anne Hathaway,
Julie Walters,
Stephen McHattie,
Stephen Root,
Stephen Graham,
Morgan Freeman,
Robert Duvall,
Joseph Gordon-Levitt,
Steve Bastoni,
Jane Adams,
Colm Feore,
Steve Burg,
Steve Buscemi,
Steve Carell,
Steve Coogan,
Steve Whitmire,
Steven Christopher Parker,
Steven Yeun,
John Doman,
Steve-O,
Alexandra Maria Lara,
Stevie Wonder,
Sumalee Montano,
Michael McKean,
M.C. Gainey,
Bailee Madison,
Ethan Suplee,
Summer Phoenix,
Suraj Sharma,
Susan Blommaert,
Susanne Lothar,
Syamsul Arifin,
Ray Winstone,
Sydney Pollack,
Roger Allam,
Sylvester Stallone,
Sylvia Syms,
Kirsten Dunst,
T.C. Stallings,
T.I.,
T.J. Storm,
T.J. Thyne,
T.V. Carpio,
Tabu,
Tal Bachman,
Tammy Blanchard,
Taran Killam,
Taron Egerton,
Tate Donovan,
Tatyana Ali,
Teala Dunn,
Tabu,
Teddy Sears,
Temple Grandin,
Teri Polo,
Terry Pheto,
Jake Wood,
Theresa Russell,
Thomas Kretschmann,
Thomas Law,
America Ferrera,
Thomas Lennon,
Brad Garrett,
Tia Carrere,
Tiago Riani,
Paul Schneider,
Scarlett Johansson,
Tim Blake Nelson,
Tim DeKay,
Ray Winstone,
Hayden Christensen,
Tom Wilkinson,
Tim Guinee,
Jack Davenport,
Tim McGraw,
Tim McInnerny,
Tim Pigott-Smith,
Tina Fey,
Katie Lowes,
Chris Pontius,
Tina Gilton,
Tobias Menzies,
Toby Huss,
Toby Jones,
Michael Wincott,
Todd Bridges,
Todd Louiso,
Tom Berenger,
Tom Cruise,
Tom Cullen,
Tom Goodman-Hill,
Tom Guiry,
Tom Hanks,
Tom Hardy,
Tom Hollander,
Tom Hughes,
Tom McCarthy,
Tom Noonan,
Tom Wilkinson,
Tommy Sheppard,
Tommy the Clown,
Tony Alva,
Tony Cox,
Tony Curran,
Tony Goldwyn,
Tony Kgoroge,
Torey Michael Adkins,
Tracie Thoms,
Craig T. Nelson,
Albert Brooks,
Jon Favreau,
Tracy Letts,
Travis Smith,
Garry Shandling,
Treat Williams,
Trevor Morgan,
Kris Marshall,
Miranda Richardson,
Trey Parker,
Tristan Mack Wilds,
Troy Garity,
Tucker Albrizzi,
Tuppence Middleton,
Ty Burrell,
Tye Sheridan,
Tyler Hilton,
Jim Gaffigan,
Tyler Labine,
Tzi Ma,
Kim Dickens,
Valeria Golino,
Kevin Sussman,
Vanessa Ferlito,
Vanessa Ray,
Vauxhall Jermaine,
Jack O'Connell,
Venida Evans,
Venus Schultheis,
Vernon Dobtcheff,
Veronika Dash,
Victoria Learn,
Don Cheadle,
Viggo Mortensen,
Hope Davis,
Vin Diesel,
Richard Roxburgh,
Vinessa Shaw,
Oprah Winfrey,
Jennifer Ehle,
Virginia Madsen,
Amy Ryan,
Bruce Greenwood,
Ajay Naidu,
Vivica A. Fox,
Jake Busey,
W. Earl Brown,
Wagner Moura,
Harry Lennix,
Walter Masterson,
Rafe Spall,
Michael O'Neill,
Djimon Hounsou,
Wanda Sykes,
Dylan Minnette,
Wayne Knight,
Wendell Pierce,
Zoë Bell,
Melissa Benoist,
Wendie Malick,
Wendy Crewson,
Mekhi Phifer,
Mekhi Phifer,
Wes Studi,
Wilford Brimley,
Will Ferrell,
John Heard,
Will Forte,
Bob Balaban,
Will Oldham,
Will Smith,
Ewen Bremner,
Will.i.am,
William Baldwin,
Anne Hathaway,
William Hurt,
William Katt,
William Mapother,
William Morgan Sheppard,
William Petersen,
Willow Smith,
Wood Harris,
Xinhua Jiang,
Yaya DaCosta,
Ivana Milicevic,
Omar Epps,
Denis Leary,
Yeardley Smith,
Yuki Matsuzaki,
Tye Sheridan,
Zach Mills,
Zachary Knighton,
Penelope Wilton,
Zahn McClarnon,
Zane Holtz,
Zooey Deschanel,
Zoë Bell,
Zoë Kravitz,
Will Forte,
Zuhair Haddad,
